{
    "causes": [
        {
          "_id": "5e1ef996b6cb0338c3abf919",
          "cause": "Travelling to Abu Dhabi",
          "description": "Aliquip in reprehenderit eu exercitation sint sunt dolor ut culpa incididunt dolor nulla. Quis mollit et sit esse est quis nisi velit. Esse minim ad pariatur fugiat. Sint officia magna elit consequat consequat proident irure cupidatat commodo elit culpa mollit veniam amet. Magna culpa aliqua sint voluptate eu duis sint mollit est sit ut fugiat deserunt. Tempor aliqua eiusmod fugiat qui do eu amet dolore sunt. Nostrud est nisi amet enim deserunt et.",
          "neededAmount": 4.4435,
          "collectedAmount": 6.1543,
          "imageUrl": "https://static.independent.co.uk/s3fs-public/thumbnails/image/2019/03/26/08/trip-advisor-1.jpg"
        },
        {
          "_id": "5e1ef996a74fd9ecac5a8510",
          "cause": "Travelling to Niagara Falls",
          "description": "Enim laboris Lorem esse exercitation commodo. Consectetur officia cillum officia minim est mollit dolor do aliquip consectetur incididunt ad veniam consectetur. Excepteur cupidatat pariatur occaecat amet exercitation eu dolore ut. Proident quis ullamco irure culpa cillum nostrud eu et cillum eu. Duis non velit magna mollit ea incididunt. Tempor sint dolore ad cillum incididunt. Nulla consequat voluptate commodo aute ut.",
          "neededAmount": 8.0142,
          "collectedAmount": 2.2178,
          "imageUrl": "https://media.tacdn.com/media/attractions-splice-spp-674x446/06/e3/a0/6a.jpg"
        },
        {
          "_id": "5e1ef99652de0e99f5f93fff",
          "cause": "Trip to Bora Bora",
          "description": "In dolore enim culpa duis minim qui deserunt aliquip voluptate et ipsum ut eu labore. Nisi deserunt cupidatat reprehenderit irure officia occaecat sint. Quis adipisicing ut ut ipsum exercitation tempor ut aute. Magna occaecat exercitation ea excepteur consequat cillum. Eu aliquip fugiat eiusmod et id veniam aute voluptate voluptate anim aute in sit. Qui do ut ipsum eu occaecat sint sint id ullamco occaecat adipisicing laborum laborum. Ex aliquip reprehenderit cillum officia est nostrud dolor.",
          "neededAmount": 0.5553,
          "collectedAmount": 9.2602,
          "imageUrl": "https://pix10.agoda.net/hotelImages/336/336870/336870_16042115000041680438.jpg?s=1024x768"
        },
        {
          "_id": "5e1ef996c17853358e6da155",
          "cause": "Swimming with sharks",
          "description": "Qui est officia consequat dolor qui. Eu dolor magna quis eiusmod commodo reprehenderit cupidatat occaecat nulla. Enim veniam velit incididunt et est duis sit exercitation ad. Mollit occaecat tempor duis nostrud ut irure irure. Laboris exercitation pariatur exercitation laborum voluptate. Mollit Lorem aute reprehenderit fugiat non magna cupidatat proident ut cillum voluptate aliqua ipsum ad. In incididunt id occaecat sunt eiusmod veniam occaecat proident.",
          "neededAmount": 0.3561,
          "collectedAmount": 5.9792,
          "imageUrl": "https://cdn.civitatis.com/polinesia-francesa/bora-bora/galeria/snorkel-tiburones.jpg"
        },
        {
          "_id": "5e1ef996f51519ef25d5ccd6",
          "cause": "Trip to Palma de Mallorca",
          "description": "Occaecat aliquip dolore et mollit adipisicing. Culpa ipsum elit anim adipisicing. Mollit commodo in quis aute aute dolore ex ex amet ad eu ut Lorem. Sunt labore officia non laborum magna ipsum deserunt. Ut magna Lorem cupidatat esse pariatur. Fugiat est tempor exercitation eiusmod non. Minim labore ea occaecat reprehenderit ipsum.",
          "neededAmount": 7.272,
          "collectedAmount": 1.8077,
          "imageUrl": "http://verbanoviaggi.com/wp-content/uploads/2016/01/palma-de-mallorca-cathedral.jpg"
        },
        {
          "_id": "5e1ef9968e20ae473b1c56b3",
          "cause": "Trip to Italy",
          "description": "Quis in exercitation magna proident. Culpa labore laboris consectetur aliquip nulla culpa adipisicing aliquip ipsum ipsum. Ipsum duis ea id cillum proident aliqua duis commodo fugiat est exercitation. Eiusmod labore anim enim elit laborum. Dolor in id incididunt officia est adipisicing est velit sit cillum sit tempor excepteur eu. Minim laboris enim proident aliqua sint sit magna. Mollit voluptate ut aliquip id ex.",
          "neededAmount": 7.1325,
          "collectedAmount": 6.4744,
          "imageUrl": "https://cstad.s3-ap-southeast-2.amazonaws.com/3146_Taste_Of_Italy_web_hero.jpg"
        },
        {
          "_id": "5e1ef99647c51862acbaec9e",
          "cause": "Study in Spain",
          "description": "Aute consectetur nisi ex adipisicing velit enim quis amet. Dolor laborum enim duis velit proident do ipsum officia. Proident eu dolore aute labore labore id aute. Nulla tempor ipsum tempor consectetur eiusmod deserunt. Irure fugiat esse culpa consequat non ad pariatur. Do nostrud ullamco quis nostrud excepteur proident qui eu magna nulla mollit. Irure occaecat aliqua amet commodo ex consequat.",
          "neededAmount": 1.2921,
          "collectedAmount": 2.2185,
          "imageUrl": "http://studentexpat.com/wp-content/uploads/2019/12/spain.jpg"
        },
        {
          "_id": "5e1ef9969f05225b2cbf056f",
          "cause": "Trip with my fiancée  to Venezia",
          "description": "Adipisicing officia consequat laboris excepteur est aute id laborum duis eiusmod reprehenderit nostrud. Est ea commodo ex pariatur veniam deserunt ex qui enim voluptate. Qui voluptate duis et irure officia ex tempor tempor officia in nostrud velit magna aliquip. Ut laborum labore eiusmod ut minim. Voluptate adipisicing aliqua sit do ipsum consectetur ipsum. Do excepteur cupidatat reprehenderit consectetur nulla adipisicing non esse. Dolore occaecat minim incididunt ipsum pariatur pariatur mollit dolor amet labore irure amet proident.",
          "neededAmount": 4.1237,
          "collectedAmount": 1.6232,
          "imageUrl": "http://www.golftolive.it/imgs/venezia2.jpg"
        },
        {
          "_id": "5e1ef9960a2b83d653dabf3e",
          "cause": "World of Warcraft - Shadowlands set",
          "description": "Est aute est esse consectetur. Ad quis exercitation aliquip proident sit amet duis sunt sint sunt. Laboris do nisi ea minim anim commodo ex et. Sit non quis reprehenderit non irure anim labore. Sunt pariatur aute proident proident. Eu quis veniam aliqua enim nisi quis veniam incididunt ad irure nisi dolore. Velit sunt incididunt sunt quis labore proident officia id ad dolor ipsum qui consectetur ut.",
          "neededAmount": 1.6392,
          "collectedAmount": 5.561,
          "imageUrl": "https://bnetproduct-a.akamaihd.net//12/e315e605ed2a696f5dc654db27519402-WoW_9.0_ProductPage_Collection_Thumbnail_Epic_MN04.jpg"
        },
        {
          "_id": "5e1ef99610f83c49a36c086b",
          "cause": "Tesla Cybertruck",
          "description": "Aliqua tempor non consectetur aliqua magna Lorem irure sint tempor deserunt. In excepteur Lorem exercitation Lorem dolor est do culpa aliqua fugiat. Aute consequat aliqua esse ullamco minim fugiat elit amet Lorem. Amet aliquip exercitation veniam ad tempor. Occaecat nostrud sit et consectetur minim laboris magna do occaecat irure ipsum voluptate enim nisi. Velit adipisicing mollit ad quis anim ullamco laboris do. Est in dolor proident aute eu.",
          "neededAmount": 3.2563,
          "collectedAmount": 7.0915,
          "imageUrl": "https://static.economic.bg/news/12/111896/item_7.jpg"
        },
        {
          "_id": "5e1ef99656394dc29e80dd3c",
          "cause": "SS 69.",
          "description": "Dolore amet ullamco aliquip reprehenderit. Cillum voluptate veniam laborum commodo pariatur ut qui labore. Occaecat exercitation excepteur aute cupidatat sunt occaecat qui laboris dolore. Consectetur in aliquip ipsum ut id ad eu laborum cillum. Consequat ex est ut est. Tempor reprehenderit aute excepteur adipisicing exercitation elit ea qui laboris ex irure. Consequat eiusmod cupidatat elit ipsum Lorem sint velit eiusmod cupidatat ad duis cillum laboris quis.",
          "neededAmount": 0.2731,
          "collectedAmount": 7.0947,
          "imageUrl": "http://www.cunildco.com/wp-content/uploads/2019/06/SSExterior9.jpg"
        },
        {
          "_id": "5e1ef996930f957747eed580",
          "cause": "Building custom AI",
          "description": "Proident aliqua ea sint enim eiusmod velit cupidatat reprehenderit pariatur magna tempor aliquip est. Fugiat adipisicing mollit ad minim dolor eu Lorem culpa dolore. Enim adipisicing ipsum minim in nostrud non irure aliqua minim velit adipisicing amet do. Commodo culpa anim laboris tempor nisi officia culpa ullamco. Quis irure dolore exercitation mollit qui voluptate commodo sunt voluptate do ea. Ea nulla consectetur aute aute labore minim Lorem et laboris non occaecat fugiat. Magna do incididunt incididunt quis minim sunt officia.",
          "neededAmount": 6.1291,
          "collectedAmount": 3.5042,
          "imageUrl": "https://www.itprotoday.com/sites/itprotoday.com/files/styles/article_featured_retina/public/robot-learning.jpg?itok=lCIG3w9I"
        },
        {
          "_id": "5e1ef996b82435e5f0c01edf",
          "cause": "5FDP - Concert",
          "description": "Pariatur excepteur qui commodo labore. Esse est ad in dolor. Ex sint voluptate consectetur eu esse adipisicing fugiat. Sint est ullamco culpa et sit mollit et aute occaecat ullamco pariatur amet. Exercitation ut ullamco consequat voluptate aliqua. Aliquip nulla laboris sit magna cupidatat. Commodo aliquip deserunt deserunt ipsum est aute laborum exercitation eiusmod.",
          "neededAmount": 5.1652,
          "collectedAmount": 6.3628,
          "imageUrl": "https://www.rupparena.com/assets/img/FFDP-home1-e003d46cc2.png"
        }
      ]
}